Release Order (oldest→newest),Compressor Version,App External ID,App Item ID,Notes / Source
1,4.0,,424390742,Placeholder — version listed in Apple release notes (App External ID unknown); source: https://support.apple.com/en-us/102745
2,4.0.1,4139662,424390742,User Provided
3,4.0.2,,424390742,Placeholder — version listed in Apple release notes (App External ID unknown); source: https://support.apple.com/en-us/102745
4,4.0.3,7274433,424390742,User Provided
5,4.0.4,8007634,424390742,User Provided
6,4.0.5,,424390742,Placeholder — version listed in Apple release notes (App External ID unknown); source: https://support.apple.com/en-us/102745
7,4.0.6,12596436,424390742,User Provided
8,4.0.7,14682849,424390742,User Provided
9,4.1,219953160,424390742,Crash report shows Version 4.1 and App External ID 219953160 (Apple Support Community thread 5774782). https://discussions.apple.com/thread/5774782
10,4.1.1,360972635,424390742,Crash report shows Version 4.1.1 and App External ID 360972635 (Apple Support Community thread 5939575). https://discussions.apple.com/thread/5939575
11,4.1.2,594492729,424390742,User Provided
12,4.1.3,668175254,424390742,User Provided
13,4.2,,424390742,Placeholder — version listed in Apple release notes (App External ID unknown); source: https://support.apple.com/en-us/102745
14,4.2.1,,424390742,Placeholder — version listed in Apple release notes (App External ID unknown); source: https://support.apple.com/en-us/102745
15,4.2.2,,424390742,Placeholder — version listed in Apple release notes (App External ID unknown); source: https://support.apple.com/en-us/102745
16,4.3,,424390742,Placeholder — version listed in Apple release notes (App External ID unknown); source: https://support.apple.com/en-us/102745
17,4.3.1,,424390742,Placeholder — version listed in Apple release notes (App External ID unknown); source: https://support.apple.com/en-us/102745
18,4.4,824369277,424390742,User states Compressor 4.4; crash report attachment not publicly accessible; App External ID 824369277 from seed. Apple Community (DE) thread 251943622. https://communities.apple.com/de/thread/251943622
19,4.4.1,826365369,424390742,User Provided
20,4.4.2,,424390742,Placeholder — version listed in Apple release notes (App External ID unknown); source: https://support.apple.com/en-us/102745
21,4.4.3,,424390742,Placeholder — version listed in Apple release notes (App External ID unknown); source: https://support.apple.com/en-us/102745
22,4.4.4,830431847,424390742,Fetched via amp-api-edge.apps.apple.com versionHistory
23,4.4.5,832315207,424390742,Fetched via amp-api-edge.apps.apple.com versionHistory
24,4.4.6,833483227,424390742,Fetched via amp-api-edge.apps.apple.com versionHistory
25,4.4.7,834607630,424390742,Fetched via amp-api-edge.apps.apple.com versionHistory
26,4.4.8,837625598,424390742,Fetched via amp-api-edge.apps.apple.com versionHistory
27,4.5,838092758,424390742,Fetched via amp-api-edge.apps.apple.com versionHistory
28,4.5.1,839562856,424390742,Fetched via amp-api-edge.apps.apple.com versionHistory
29,4.5.2,840289961,424390742,Fetched via amp-api-edge.apps.apple.com versionHistory
30,4.5.3,842308198,424390742,Crash report shows Version 4.5.3 and App External ID 842308198 (Apple Support Community thread 252881929). https://discussions.apple.com/thread/252881929
31,4.5.4,842932628,424390742,User Provided
32,4.6,843363202,424390742,Fetched via amp-api-edge.apps.apple.com versionHistory
33,4.6.1,847601240,424390742,Fetched via amp-api-edge.apps.apple.com versionHistory
34,4.6.2,851212147,424390742,Fetched via amp-api-edge.apps.apple.com versionHistory
35,4.6.3,852780591,424390742,User Provided
36,4.6.4,856285713,424390742,Fetched via amp-api-edge.apps.apple.com versionHistory
37,4.6.5,858081833,424390742,Crash report shows Version 4.6.5 and App External ID 858081833 (Reddit r/finalcutpro post 16683a6). https://www.reddit.com/r/finalcutpro/comments/16683a6/
38,4.6.6,859163438,424390742,Fetched via amp-api-edge.apps.apple.com versionHistory
39,4.7,860602396,424390742,Fetched via amp-api-edge.apps.apple.com versionHistory
40,4.8,861999753,424390742,Fetched via amp-api-edge.apps.apple.com versionHistory
41,4.9,868934276,424390742,Seed App External ID provided by API - Version verified by API query
43,4.9,869662410,424390742,Seed App External ID provided by API - Version verified by API query
44,4.10,873128472,424390742,Seed App External ID provided by API - Version verified by API query
46,4.10,873376740,424390742,Seed App External ID provided by API - Version verified by API query
47,4.10.1,874753582,424390742,Seed App External ID provided by API - Version verified by API query
48,4.11,877851588,424390742,Seed App External ID provided by API - Version verified by API query
49,4.11,878206483,424390742,Seed App External ID provided by API - Version verified by API query
50,4.11.1,878609353,424390742,Seed App External ID provided by API - Version verified by API query
